id,vulnAVG,vulnSTD,hazintensity_from,hazintensity_to
,0.26,0,0,5.08476
,0.33,0,5.08476,10.67796
,0.4,0,10.67796,16.77968
,0.48,0,16.77968,24.15256
,0.68,0,24.15256,29.49152
,0.86,0,29.49152,33.55932
,0.92,0,33.55932,37.88136
,0.98,0,37.88136,41.4408
,1,0,41.4408,44.4916
,1,0,44.4916,47.5424
,1,0,47.5424,49.5764
,1,0,49.5764,52.1188
,1,0,52.1188,53.8984
,1,0,53.8984,55.4236
,1,0,55.4236,57.4576
,1,0,57.4576,59.4916
,1,0,59.4916,61.5256
,1,0,61.5256,63.3052
,1,0,63.3052,65.3388
,1,0,65.3388,67.6272
,1,0,67.6272,70.678
,1,0,70.678,75
,1,0,75,80.0848
,1,0,80.0848,90.5084
